<?xml version="1.0" encoding="UTF-8"?>
<spirit:component xmlns:xilinx="http://www.xilinx.com" xmlns:spirit="http://www.spiritconsortium.org/XMLSchema/SPIRIT/1685-2009" xmlns:xsi="http://www.w3.org/2001/XMLSchema-instance">
  <spirit:vendor>xilinx.com</spirit:vendor>
  <spirit:library>user</spirit:library>
  <spirit:name>RAM2</spirit:name>
  <spirit:version>1.0</spirit:version>
  <spirit:model>
    <spirit:views>
      <spirit:view>
        <spirit:name>xilinx_anylanguagesynthesis</spirit:name>
        <spirit:displayName>Synthesis</spirit:displayName>
        <spirit:envIdentifier>:vivado.xilinx.com:synthesis</spirit:envIdentifier>
        <spirit:language>VHDL</spirit:language>
        <spirit:modelName>RAM2</spirit:modelName>
        <spirit:fileSetRef>
          <spirit:localName>xilinx_anylanguagesynthesis_view_fileset</spirit:localName>
        </spirit:fileSetRef>
        <spirit:parameters>
          <spirit:parameter>
            <spirit:name>viewChecksum</spirit:name>
            <spirit:value>c236c9b8</spirit:value>
          </spirit:parameter>
        </spirit:parameters>
      </spirit:view>
      <spirit:view>
        <spirit:name>xilinx_anylanguagebehavioralsimulation</spirit:name>
        <spirit:displayName>Simulation</spirit:displayName>
        <spirit:envIdentifier>:vivado.xilinx.com:simulation</spirit:envIdentifier>
        <spirit:language>VHDL</spirit:language>
        <spirit:modelName>RAM2</spirit:modelName>
        <spirit:fileSetRef>
          <spirit:localName>xilinx_anylanguagebehavioralsimulation_view_fileset</spirit:localName>
        </spirit:fileSetRef>
        <spirit:parameters>
          <spirit:parameter>
            <spirit:name>viewChecksum</spirit:name>
            <spirit:value>c236c9b8</spirit:value>
          </spirit:parameter>
        </spirit:parameters>
      </spirit:view>
      <spirit:view>
        <spirit:name>xilinx_testbench</spirit:name>
        <spirit:displayName>Test Bench</spirit:displayName>
        <spirit:envIdentifier>:vivado.xilinx.com:simulation.testbench</spirit:envIdentifier>
        <spirit:modelName>RAM2_tb</spirit:modelName>
        <spirit:fileSetRef>
          <spirit:localName>xilinx_testbench_view_fileset</spirit:localName>
        </spirit:fileSetRef>
        <spirit:parameters>
          <spirit:parameter>
            <spirit:name>viewChecksum</spirit:name>
            <spirit:value>49479408</spirit:value>
          </spirit:parameter>
        </spirit:parameters>
      </spirit:view>
      <spirit:view>
        <spirit:name>xilinx_xpgui</spirit:name>
        <spirit:displayName>UI Layout</spirit:displayName>
        <spirit:envIdentifier>:vivado.xilinx.com:xgui.ui</spirit:envIdentifier>
        <spirit:fileSetRef>
          <spirit:localName>xilinx_xpgui_view_fileset</spirit:localName>
        </spirit:fileSetRef>
        <spirit:parameters>
          <spirit:parameter>
            <spirit:name>viewChecksum</spirit:name>
            <spirit:value>f64a5dae</spirit:value>
          </spirit:parameter>
        </spirit:parameters>
      </spirit:view>
    </spirit:views>
    <spirit:ports>
      <spirit:port>
        <spirit:name>address</spirit:name>
        <spirit:wire>
          <spirit:direction>in</spirit:direction>
          <spirit:vector>
            <spirit:left spirit:format="long">3</spirit:left>
            <spirit:right spirit:format="long">0</spirit:right>
          </spirit:vector>
          <spirit:wireTypeDefs>
            <spirit:wireTypeDef>
              <spirit:typeName>std_logic_vector</spirit:typeName>
              <spirit:viewNameRef>xilinx_anylanguagesynthesis</spirit:viewNameRef>
              <spirit:viewNameRef>xilinx_anylanguagebehavioralsimulation</spirit:viewNameRef>
            </spirit:wireTypeDef>
          </spirit:wireTypeDefs>
          <spirit:driver>
            <spirit:defaultValue spirit:format="bitString" spirit:bitStringLength="4">0x2</spirit:defaultValue>
          </spirit:driver>
        </spirit:wire>
      </spirit:port>
      <spirit:port>
        <spirit:name>data_out</spirit:name>
        <spirit:wire>
          <spirit:direction>out</spirit:direction>
          <spirit:vector>
            <spirit:left spirit:format="long">3</spirit:left>
            <spirit:right spirit:format="long">0</spirit:right>
          </spirit:vector>
          <spirit:wireTypeDefs>
            <spirit:wireTypeDef>
              <spirit:typeName>std_logic_vector</spirit:typeName>
              <spirit:viewNameRef>xilinx_anylanguagesynthesis</spirit:viewNameRef>
              <spirit:viewNameRef>xilinx_anylanguagebehavioralsimulation</spirit:viewNameRef>
            </spirit:wireTypeDef>
          </spirit:wireTypeDefs>
        </spirit:wire>
      </spirit:port>
    </spirit:ports>
  </spirit:model>
  <spirit:fileSets>
    <spirit:fileSet>
      <spirit:name>xilinx_anylanguagesynthesis_view_fileset</spirit:name>
      <spirit:file>
        <spirit:name>sources_1/new/RAM2.vhd</spirit:name>
        <spirit:fileType>vhdlSource</spirit:fileType>
        <spirit:userFileType>CHECKSUM_c236c9b8</spirit:userFileType>
      </spirit:file>
    </spirit:fileSet>
    <spirit:fileSet>
      <spirit:name>xilinx_anylanguagebehavioralsimulation_view_fileset</spirit:name>
      <spirit:file>
        <spirit:name>sources_1/new/RAM2.vhd</spirit:name>
        <spirit:fileType>vhdlSource</spirit:fileType>
      </spirit:file>
    </spirit:fileSet>
    <spirit:fileSet>
      <spirit:name>xilinx_testbench_view_fileset</spirit:name>
      <spirit:file>
        <spirit:name>sim_1/new/RAM2_tb.vhd</spirit:name>
        <spirit:fileType>vhdlSource</spirit:fileType>
        <spirit:userFileType>USED_IN_simulation</spirit:userFileType>
        <spirit:userFileType>USED_IN_synthesis</spirit:userFileType>
      </spirit:file>
    </spirit:fileSet>
    <spirit:fileSet>
      <spirit:name>xilinx_xpgui_view_fileset</spirit:name>
      <spirit:file>
        <spirit:name>xgui/RAM2_v1_0.tcl</spirit:name>
        <spirit:fileType>tclSource</spirit:fileType>
        <spirit:userFileType>CHECKSUM_f64a5dae</spirit:userFileType>
        <spirit:userFileType>XGUI_VERSION_2</spirit:userFileType>
      </spirit:file>
    </spirit:fileSet>
  </spirit:fileSets>
  <spirit:description>RAM2_v1_0</spirit:description>
  <spirit:parameters>
    <spirit:parameter>
      <spirit:name>Component_Name</spirit:name>
      <spirit:value spirit:resolve="user" spirit:id="PARAM_VALUE.Component_Name" spirit:order="1">RAM2_v1_0</spirit:value>
    </spirit:parameter>
  </spirit:parameters>
  <spirit:vendorExtensions>
    <xilinx:coreExtensions>
      <xilinx:supportedFamilies>
        <xilinx:family xilinx:lifeCycle="Production">zynq</xilinx:family>
        <xilinx:family xilinx:lifeCycle="Production">qzynq</xilinx:family>
        <xilinx:family xilinx:lifeCycle="Production">azynq</xilinx:family>
        <xilinx:family xilinx:lifeCycle="Production">virtexuplus</xilinx:family>
        <xilinx:family xilinx:lifeCycle="Production">virtexuplusHBM</xilinx:family>
        <xilinx:family xilinx:lifeCycle="Production">zynquplus</xilinx:family>
      </xilinx:supportedFamilies>
      <xilinx:taxonomies>
        <xilinx:taxonomy>/UserIP</xilinx:taxonomy>
      </xilinx:taxonomies>
      <xilinx:displayName>RAM2_v1_0</xilinx:displayName>
      <xilinx:definitionSource>package_project</xilinx:definitionSource>
      <xilinx:coreRevision>3</xilinx:coreRevision>
      <xilinx:coreCreationDateTime>2023-08-26T22:14:05Z</xilinx:coreCreationDateTime>
      <xilinx:tags>
        <xilinx:tag xilinx:name="ui.data.coregen.dd@29ec8add_ARCHIVE_LOCATION">c:/users/crist/desktop/sep/ayudantia/ram2/ram2.srcs</xilinx:tag>
        <xilinx:tag xilinx:name="ui.data.coregen.dd@c5f93cd_ARCHIVE_LOCATION">c:/users/crist/desktop/sep/ayudantia/ram2/ram2.srcs</xilinx:tag>
        <xilinx:tag xilinx:name="ui.data.coregen.dd@4ce2a03_ARCHIVE_LOCATION">c:/users/crist/desktop/sep/ayudantia/ram2/ram2.srcs</xilinx:tag>
        <xilinx:tag xilinx:name="ui.data.coregen.dd@ce74789_ARCHIVE_LOCATION">c:/users/crist/desktop/sep/ayudantia/ram2/ram2.srcs</xilinx:tag>
        <xilinx:tag xilinx:name="ui.data.coregen.dd@449b6db2_ARCHIVE_LOCATION">c:/users/crist/desktop/sep/ayudantia/ram2/ram2.srcs</xilinx:tag>
        <xilinx:tag xilinx:name="ui.data.coregen.dd@21e978f7_ARCHIVE_LOCATION">c:/users/crist/desktop/sep/ayudantia/ram2/ram2.srcs</xilinx:tag>
        <xilinx:tag xilinx:name="ui.data.coregen.dd@41afbc25_ARCHIVE_LOCATION">c:/users/crist/desktop/sep/ayudantia/ram2/ram2.srcs</xilinx:tag>
        <xilinx:tag xilinx:name="ui.data.coregen.dd@1457c054_ARCHIVE_LOCATION">c:/users/crist/desktop/sep/ayudantia/ram2/ram2.srcs</xilinx:tag>
        <xilinx:tag xilinx:name="ui.data.coregen.dd@348072fe_ARCHIVE_LOCATION">c:/users/crist/desktop/sep/ayudantia/ram2/ram2.srcs</xilinx:tag>
        <xilinx:tag xilinx:name="ui.data.coregen.dd@be2410e_ARCHIVE_LOCATION">c:/users/crist/desktop/sep/ayudantia/ram2/ram2.srcs</xilinx:tag>
        <xilinx:tag xilinx:name="ui.data.coregen.dd@47b2d1aa_ARCHIVE_LOCATION">c:/users/crist/desktop/sep/ayudantia/ram2/ram2.srcs</xilinx:tag>
        <xilinx:tag xilinx:name="ui.data.coregen.dd@1fd5760a_ARCHIVE_LOCATION">c:/users/crist/desktop/sep/ayudantia/ram2/ram2.srcs</xilinx:tag>
        <xilinx:tag xilinx:name="ui.data.coregen.dd@379d2cc7_ARCHIVE_LOCATION">c:/users/crist/desktop/sep/ayudantia/ram2/ram2.srcs</xilinx:tag>
        <xilinx:tag xilinx:name="ui.data.coregen.dd@573b8ec8_ARCHIVE_LOCATION">c:/users/crist/desktop/sep/ayudantia/ram2/ram2.srcs</xilinx:tag>
        <xilinx:tag xilinx:name="ui.data.coregen.dd@343882e5_ARCHIVE_LOCATION">c:/users/crist/desktop/sep/ayudantia/ram2/ram2.srcs</xilinx:tag>
        <xilinx:tag xilinx:name="ui.data.coregen.dd@4bf9ce6e_ARCHIVE_LOCATION">c:/users/crist/desktop/sep/ayudantia/ram2/ram2.srcs</xilinx:tag>
      </xilinx:tags>
    </xilinx:coreExtensions>
    <xilinx:packagingInfo>
      <xilinx:xilinxVersion>2020.1</xilinx:xilinxVersion>
      <xilinx:checksum xilinx:scope="fileGroups" xilinx:value="352b52a1"/>
      <xilinx:checksum xilinx:scope="ports" xilinx:value="55e8aac8"/>
      <xilinx:checksum xilinx:scope="parameters" xilinx:value="848c09c2"/>
    </xilinx:packagingInfo>
  </spirit:vendorExtensions>
</spirit:component>
